id,type,active,is_company,employee,company_id/id,company_type,lastname,firstname,parent_id/id,street,street2,zip,city,state_id,country_id,website,function,phone,mobile,fax,email,title,lang,category_id,comment,customer,user_id,notify_email,opt_out,property_product_pricelist,supplier,property_purchase_currency_id/id,ref,property_payment_term_id,trust,property_supplier_payment_term_id,property_account_position_id,property_account_receivable_id,property_account_payable_id
__demo__.res_partner_39641641,Contact,True,True,False,base.main_company,Company,Windpower Monthly,,,,,,,,,www.windpowermonthly.com,,,,,,,de_DE,,,False,,none,,,False,,,,,,,,
__demo__.res_partner_39641701,Contact,True,True,False,base.main_company,Company,Alpiq,,,Bahnhofquai 12,,4601,Olten,,Switzerland,www.alpiq.com,,+41 62 286 71 11,,,,,de_DE,,,False,,none,,,False,,,,,,,,
__demo__.res_partner_39659860,Contact,True,True,False,base.main_company,Company,Nordex,,,,,,,,,,,,,,,,de_DE,,,False,,none,,,False,,,,,,,,
__demo__.res_partner_39660311,Contact,True,True,False,base.main_company,Company,Impax,,,,,,,,,,,,,,,,de_DE,,,False,,none,,,False,,,,,,,,
__demo__.res_partner_39663654,Contact,True,True,False,base.main_company,Company,MECAL,,,,,,,,,,,,,,,,de_DE,,,False,,none,,,False,,,,,,,,
__demo__.res_partner_39666541,Contact,True,True,False,base.main_company,Company,iABG,,,,,,,,,,,,,,,,de_DE,,,False,,none,,,False,,,,,,,,
__demo__.res_partner_39667051,Contact,True,True,False,base.main_company,Company,Greenbyte,,,Kristinelundsgatan 16,,41137,Gotheburg,,Sweden,www.greenbyte.se,,,,,,,en_US,,,False,,none,,,False,,,,,,,,
__demo__.res_partner_39667432,Contact,True,True,False,base.main_company,Company,GGS GmbH,,,Gotthardstrasse 37,,6490,Andermatt,,Switzerland,,,,,,,,de_DE,,,False,,none,,,False,,,,,,,,
__demo__.res_partner_39668580,Contact,True,True,False,base.main_company,Company,Stromenger,,,,,,,,,,,,,,,,de_DE,,,False,,none,,,False,,,,,,,,
__demo__.res_partner_39668892,Contact,True,True,False,base.main_company,Company,R+V Allgemeine Versicherung AG,,,,,,,,,,,,,,,,de_DE,,,False,,none,,,False,,,,,,,,
__demo__.res_partner_39670203,Contact,True,True,False,base.main_company,Company,RWE Group Business Services GmbH,,,Energiestrasse 99,,41517,Grevenbroich,,Germany,,,,,,,,de_DE,,,False,,none,,,False,,,,,,,,
__demo__.res_partner_39672297,Contact,True,True,False,base.main_company,Company,nWerk,,,,,,,,,,,,,,,,de_DE,,,False,,none,,,False,,,,,,,,
__demo__.res_partner_39677990,Contact,True,True,False,base.main_company,Company,Schneider Electric,,,Parallelweg West 7,,4104AX,Culemborg,,Netherlands,www.schneider-electric.com,,,,,,,en_US,,,False,,none,,,False,,,,,,,,
__demo__.res_partner_39678514,Contact,True,True,False,base.main_company,Company,Agder Energi,,,,,,,,,,,,,,,,de_DE,,,False,,none,,,False,,,,,,,,
__demo__.res_partner_39678572,Contact,True,True,False,base.main_company,Company,WIND-consult,,,,,,,,,,,,,,,,de_DE,,,False,,none,,,False,,,,,,,,
__demo__.res_partner_39685358,Contact,True,True,False,base.main_company,Company,Hallands Hamnar AB,,,,,,,,,,,,,,,,de_DE,,,False,,none,,,False,,,,,,,,
__demo__.res_partner_39685489,Contact,True,True,False,base.main_company,Company,BTC AG,,,,,,,,,,,,,,,,de_DE,,,False,,none,,,False,,,,,,,,
__demo__.res_partner_39686713,Contact,True,True,False,base.main_company,Company,DELPHI IMM GmbH,,,,,,,,,,,,,,,,de_DE,,,False,,none,,,False,,,,,,,,
__demo__.res_partner_39687504,Contact,True,True,False,base.main_company,Company,Energy Consulting Christian Meyer,,,,,,,,,,,,,,,,de_DE,,,False,,none,,,False,,,,,,,,
__demo__.res_partner_39687560,Contact,True,True,False,base.main_company,Company,WAB e.V.,,,,,,,,,,,,,,,,de_DE,,,False,,none,,,False,,,,,,,,
__demo__.res_partner_39687931,Contact,True,True,False,base.main_company,Company,M.O.S.S. Computer Grafik Systeme GmbH,,,,,,,,,,,,,,,,de_DE,,,False,,none,,,False,,,,,,,,
__demo__.res_partner_39688361,Contact,True,True,False,base.main_company,Company,Esri Deutschland GmbH,,,,,,,,,,,,,,,,de_DE,,,False,,none,,,False,,,,,,,,
__demo__.res_partner_39690816,Contact,True,True,False,base.main_company,Company,Geocom Informatik GmbH,,,,,,,,,,,,,,,,de_DE,,,False,,none,,,False,,,,,,,,
__demo__.res_partner_39692968,Contact,True,True,False,base.main_company,Company,STEAG Energy Services GmbH,,,,,,,,,,,,,,,,de_DE,,,False,,none,,,False,,,,,,,,
__demo__.res_partner_39693506,Contact,True,True,False,base.main_company,Company,Gliwitzky Rensink & Partner GbR,,,,,,,,,,,,,,,,de_DE,,,False,,none,,,False,,,,,,,,
__demo__.res_partner_39695959,Contact,True,True,False,base.main_company,Company,Notus Energy,,,,,,,,,,,,,,,,de_DE,,,False,,none,,,False,,,,,,,,
__demo__.res_partner_39705349,Contact,True,True,False,base.main_company,Company,Ambrosys GmbH,,,,,,,,,,,,,,,,de_DE,,,False,,none,,,False,,,,,,,,
__demo__.res_partner_39707066,Contact,True,True,False,base.main_company,Company,Reed Exhibitions,,,,,,,,,,,,,,,,de_DE,,,False,,none,,,False,,,,,,,,
__demo__.res_partner_39707101,Contact,True,True,False,base.main_company,Company,Rübsamen Windenergie GmbH,,,,,,,,,,,,,,,,de_DE,,,False,,none,,,False,,,,,,,,
__demo__.res_partner_39707139,Contact,True,True,False,base.main_company,Company,Deutsche WindGuard GmbH,,,Oldenburger Strasse 65,,26316,Varel,,Germany,www.windguard.de,,,,,,,de_DE,,,False,,none,,,False,,,,,,,,
__demo__.res_partner_39707197,Contact,True,True,False,base.main_company,Company,Windfaktor,,,,,,,,,,,,,,,,de_DE,,,False,,none,,,False,,,,,,,,
__demo__.res_partner_39709290,Contact,True,True,False,base.main_company,Company,B&W Wnergy GmbH & Co. KG,,,,,,,,,,,,,,,,de_DE,,,False,,none,,,False,,,,,,,,
__demo__.res_partner_39709846,Contact,True,True,False,base.main_company,Company,Rau Partner,,,,,,,,,,,,,,,,de_DE,,,False,,none,,,False,,,,,,,,
__demo__.res_partner_39709887,Contact,True,True,False,base.main_company,Company,CEPP Invest GmbH,,,,,,,,,,,,,,,,de_DE,,,False,,none,,,False,,,,,,,,
__demo__.res_partner_39709947,Contact,True,True,False,base.main_company,Company,GGEW VentuSol,,,,,,,,,,,,,,,,de_DE,,,False,,none,,,False,,,,,,,,
__demo__.res_partner_39709974,Contact,True,True,False,base.main_company,Company,heliotec,,,,,,,,,,,,,,,,de_DE,,,False,,none,,,False,,,,,,,,
__demo__.res_partner_39709995,Contact,True,True,False,base.main_company,Company,Monsson Group,,,,,,,,,monsson.eu,,,,,,,de_DE,,,False,,none,,,False,,,,,,,,
__demo__.res_partner_39710049,Contact,True,True,False,base.main_company,Company,Enercon GmbH,,,Schuetzenstrasse 11,,26670,Remels,,Germany,www.enercon.de,,,,,,,de_DE,,,False,,none,,,False,,,,,,,,
__demo__.res_partner_39710201,Contact,True,True,False,base.main_company,Company,Plan 8 GmbH,,,,,,,,,,,,,,,,de_DE,,,False,,none,,,False,,,,,,,,
__demo__.res_partner_39710223,Contact,True,True,False,base.main_company,Company,Ostwind,,,,,,,,,,,,,,,,de_DE,,,False,,none,,,False,,,,,,,,
__demo__.res_partner_39710261,Contact,True,True,False,base.main_company,Company,SIM System,,,,,,,,,,,,,,,,de_DE,,,False,,none,,,False,,,,,,,,
__demo__.res_partner_39710355,Contact,True,True,False,base.main_company,Company,Extol Wind,,,,,,,,,,,,,,,,de_DE,,,False,,none,,,False,,,,,,,,
__demo__.res_partner_39710431,Contact,True,True,False,base.main_company,Company,Renewable NRG Systems,,,,,,,,,,,,,,,,de_DE,,,False,,none,,,False,,,,,,,,
__demo__.res_partner_39710529,Contact,True,True,False,base.main_company,Company,Ge:Net GmbH,,,,,,,,,,,,,,,,de_DE,,,False,,none,,,False,,,,,,,,
__demo__.res_partner_39710588,Contact,True,True,False,base.main_company,Company,Fulcrum 3D,,,,,,,,,,,,,,,,de_DE,,,False,,none,,,False,,,,,,,,
__demo__.res_partner_39808985,Contact,True,True,False,base.main_company,Company,SOWITEC operation GmbH,,,,,,,,,,,,,,,,de_DE,,,False,,none,,,False,,,,,,,,
__demo__.res_partner_39816839,Contact,True,True,False,base.main_company,Company,ARIAS,,,Gutenbergstrasse 40B,,3011,Bern,,Switzerland,arias.ch,,,,,,,de_DE,,,False,,none,,,False,,,,,,,,
__demo__.res_partner_39820848,Contact,True,True,True,base.main_company,Company,Meteotest,,,Fabrikstrasse 14,,3012,Bern,,Switzerland,www.meteotest.ch,,031 307 26 26,,031 307 26 10,,,de_DE,,,False,,none,,,False,,,,,,,,
__demo__.res_partner_40003746,Contact,True,True,False,base.main_company,Company,Renewablenrgsystems,,,,,,,,,,,,,,,,de_DE,,,False,,none,,,False,,,,,,,,
__demo__.res_partner_43732088,Contact,True,True,False,base.main_company,Company,IKG ETHZ,,,,,,,,,,,,,,,,de_DE,,,False,,none,,,False,,,,,,,,
__demo__.res_partner_43742185,Contact,True,True,False,base.main_company,Company,Haymarket,,,,,,,,,,,,,,,,de_DE,,,False,,none,,,False,,,,,,,,
__demo__.res_partner_44306634,Contact,True,True,False,base.main_company,Company,Danfoss Heat Pumps,,,Snickaregatan 1P.O. Box 950,,67129,Arvika,,Sweden,www.danfoss.com,,+46 570 84731,,,,,en_US,,13002mndll,False,,none,,,False,,,,,,,,
__demo__.res_partner_44306635,Contact,True,True,False,base.main_company,Company,Rhonealpeenergie Environment (RAEE),,,"10, rue des archers",,69002,Lyon,,France,,,++33 4 7256 33 63,,,,,fr_FR,,,False,,none,,,False,,,,,,,,
__demo__.res_partner_44306636,Contact,True,True,False,base.main_company,Company,NRG Systems Inc.,,,110 Riggs Road,,5461,"Hinesburg, VT",,United States,,,,,,,,en_US,,,False,,none,,,False,,,,,,,,
__demo__.res_partner_44306637,Contact,True,True,False,base.main_company,Company,HES - Hespul Etudes et Services SAS,,,14 place Jules Ferry,,69006,Lyon,,France,www.epices-energie.fr,,,,,,,fr_FR,,,False,,none,,,False,,,,,,,,
__demo__.res_partner_44306638,Contact,True,True,False,base.main_company,Company,Electrotechnical Laboratory,,,"1-1-4 Umezono, Tsukuba-Shi",,305,Ibaraki,,Japan,,,,,,,,en_US,,,False,,none,,,False,,,,,,,,
__demo__.res_partner_44306639,Contact,True,True,False,base.main_company,Company,Solmetric Corporation,,,"117 Morris Street, Suite 100",,,"Sebastopol, CA 95472",,United States,www.solmetric.com,,+1 (707) 823-4600,,+1 (707) 823-4620,,,en_US,,13002mndll,False,,none,,,False,,,,,,,,
__demo__.res_partner_44306640,Contact,True,True,False,base.main_company,Company,experience,,,141 rue Charlet Straton,,74400,Argentière,,France,,,0033 450 54 09 36,,,,,fr_FR,,,False,,none,,,False,,,,,,,,
__demo__.res_partner_44306641,Contact,True,True,False,base.main_company,Company,Campbell Scientific LTD.,,,14-20 Field Street,,LE12 9AL,Shepshed Leicestershire,,United Kingdom,,,0044 509 60 11 41,,,,,en_US,,,False,,none,,,False,,,,,,,,
__demo__.res_partner_44306642,Contact,True,True,False,base.main_company,Company,Tendanciel,,,"15, rue Carnot",,91170,Viry-Chatillon,,France,,,0033 1 69 24 75 75,,,,,fr_FR,,,False,,none,,,False,,,,,,,,
__demo__.res_partner_44306643,Contact,True,True,False,base.main_company,Company,"Fat Spaniel Technologies, Inc.",,,"152 North 3rd Street, Suite 400",,CA 95112-5560,San Jose,,United States,www.fatspaniel.com,,+1 408 279 5262,,+1 888 906 5202,,,en_US,,Spyce,False,,none,,,False,,,,,,,,
__demo__.res_partner_44306644,Contact,True,True,False,base.main_company,Company,Solairedirect,,,"18, rue du Quatre-Septembre",,75082,Paris Cedex 02,,France,,,,,,,,fr_FR,,,False,,none,,,False,,,,,,,,
__demo__.res_partner_44306644,Other address,True,False,False,base.main_company,Company,Solairedirect,,,"16, rue de Choiseul",,75002,Paris,,France,,,,,,,,fr_FR,,,False,,none,,,False,,,,,,,,
__demo__.res_partner_44306645,Contact,True,True,False,base.main_company,Company,"Université de Genève, Groupe de Physique Appliquée",,,"19, avenue de la Jonction",,1205,Genève,,Switzerland,,,022 705 72 83,,,,,de_DE,,,False,,none,,,False,,,,,,,,
__demo__.res_partner_44306646,Contact,True,True,False,base.main_company,Company,Adventure Consultants,,,20 Brownston StPO BOX 739,,9343,Wanaka,,New Zealand,www.adventureconsultants.com,,0064 3 443 8711,,0064 3 443 8733,,,en_US,,,False,,none,,,False,,,,,,,,
__demo__.res_partner_44306647,Contact,True,True,False,base.main_company,Company,Fuji Research Institute Corporation,,,"2-3,Kandanishiki-cho, Chiyoda-ku",,101,Tokyo,,Japan,,,0081 3 5281 5410,,,,,en_US,,,False,,none,,,False,,,,,,,,
__demo__.res_partner_44306648,Contact,True,True,False,base.main_company,Company,LFB Computer Consultants Ltd.,,,2820 Craigowan Rd,,V9B 1M8,Victoria BC,,Canada,,,+1 250 380 97 35,,,,,en_US,,,False,,none,,,False,,,,,,,,
__demo__.res_partner_44306649,Contact,True,True,False,base.main_company,Company,Transénergie,,,"3d, allée Claude Debussy",,69130,Ecully,,France,,,,,,,,fr_FR,,,False,,none,,,False,,,,,,,,
__demo__.res_partner_44306650,Contact,True,True,False,base.main_company,Company,THEOLIA France,,,"4, rue Jules Ferry",,34000,Montpellier,,France,www.sa-ventura.com,,+33 467 58 22 70,,+33 467 92 58 61,,,fr_FR,,,False,,none,,,False,,,,,,,,
__demo__.res_partner_44306651,Contact,True,True,False,base.main_company,Company,Nass & Wind Technologie,,,5 rue Simone Signoret,,56100,Lorient,,France,,,+33 (0)2 97 88 35 20,,,,,fr_FR,,,False,,none,,,False,,,,,,,,
__demo__.res_partner_44306652,Contact,True,True,False,base.main_company,Company,SolarEdge Technologies Ltd.,,,6 Haharash st,,4524079,Hod Hasharon,,Israel,www.solaredge.com,,+972 9 9576620,,+972 9 9576591,,,en_US,,,False,,none,,,False,,,,,,,,
__demo__.res_partner_44306653,Contact,True,True,False,base.main_company,Company,Transvalor,,,"60, Boulevard Saint Michel",,75272,Paris Cedex 06,,France,,,+331 4051 93 17,,,,,fr_FR,,,False,,none,,,False,,,,,,,,
__demo__.res_partner_44306654,Contact,True,True,False,base.main_company,Company,ARMINES,,,"60, Boulevard Saint-Michel",,75272,Paris Cedex 06,,France,,,0033 1 531 002 78,,,,,fr_FR,,,False,,none,,,False,,,,,,,,
__demo__.res_partner_44306655,Contact,True,True,False,base.main_company,Company,Arizona State University East,,,6001 S. Power Rd. Building 539,,85206,Mesa  AZ,,United States,,,001 602 727 12 21,,,,,en_US,,,False,,none,,,False,,,,,,,,
__demo__.res_partner_44306656,Contact,True,True,False,base.main_company,Company,"Université de Genève, GAP - Energie",,,7 rte de Drize,,1227,Carouge,,Switzerland,,,022 705 96 40,,,,,de_DE,,,False,,none,,,False,,,,,,,,
__demo__.res_partner_44306657,Contact,True,True,False,base.main_company,Company,SunPower Corporation,,,77 Rio Robles,,,"San Jose, CA 95134",,United States,us.sunpower.com,,+1 408-240-5500,,,,,en_US,,13002mndll,False,,none,,,False,,,,,,,,
__demo__.res_partner_44306658,Contact,True,True,False,base.main_company,Company,CFX International,,,8.19 Harwell,,OX11 0RA,Oxon,,United Kingdom,,,0044 123 543 65 41,,,,,en_US,,,False,,none,,,False,,,,,,,,
__demo__.res_partner_44306659,Contact,True,True,False,base.main_company,Company,Campbell Sci. Ltd.,,,80 Hathern Road,,LE12 9RP,Shepshed,,United Kingdom,,,+44 (0) 1509 60 11 41,,,,,en_US,,,False,,none,,,False,,,,,,,,
__demo__.res_partner_44306660,Contact,True,True,False,base.main_company,Company,Earthscan Ltd.,,,8-12 Camden High Street,,,London NW1 0JH,,United Kingdom,,,0044 207 38 785 58,,,,,en_US,,,False,,none,,,False,,,,,,,,
__demo__.res_partner_44306661,Contact,True,True,False,base.main_company,Company,Perfect Wind,,,92 Rue de Courcelles,,75008,Paris,,France,,,33(0)1 47 04 07 14,,,,,fr_FR,,,False,,none,,,False,,,,,,,,
__demo__.res_partner_44306662,Contact,True,True,False,base.main_company,Company,Amt für Umweltschutz des Kt. Zug,,,Aabachstrasse 5Postfach 857,,6301,Zug,,Switzerland,www.zug.ch/afu,,041 728 53 70,,041 728 53 79,,,de_DE,,,False,,none,,,False,,,,,,,,
__demo__.res_partner_44306665,Contact,True,True,False,base.main_company,Company,Advokaturbüro,,,Aarbergergasse 24,,3011,Bern,,Switzerland,,,031 310 50 20,,031 310 50 29,,,de_DE,,"Notariat für Beglaubigungen etc., privater Bekannter von SK",False,,none,,,False,,,,,,,,
__demo__.res_partner_44306666,Contact,True,True,False,base.main_company,Company,Hintermann & Weber AG,,,Aarbergergasse 61,,3011,Bern,,Switzerland,,,031 312 82 72,,031 312 82 73,,,de_DE,,,False,,none,,,False,,,,,,,,
__demo__.res_partner_44306667,Contact,True,True,False,base.main_company,Company,Gemeinde Lyss,,,Aarbergstrasse 230,,3250,Lyss,,Switzerland,,,032 384 54 56,,032 386 11 03,,,de_DE,,,False,,none,,,False,,,,,,,,
__demo__.res_partner_44306668,Contact,True,True,False,base.main_company,Company,Radio Berner Oberland AG,,,Aareckstrasse 6Postfach 601,,3800,Interlaken,,Switzerland,,,033 888 88 10,,,,,de_DE,,,False,,none,,,False,,,,,,,,
__demo__.res_partner_44306669,Contact,True,True,False,base.main_company,Company,Suter Consulting,,,Aarstrasse 98,,3005,Bern,,Switzerland,www.suterconsulting.com,,,,,,,de_DE,,,False,,none,,,False,,,,,,,,
__demo__.res_partner_44306670,Contact,True,True,False,base.main_company,Company,OpenAir St. Gallen AG,,,Heiligkreuzstrasse 9,,9008,St. Gallen,,Switzerland,www.openairsg.ch,,071 272 34 34,,071 272 34 35,,,de_DE,,,False,,none,,,False,,,,,,,,
__demo__.res_partner_44306671,Contact,True,True,False,base.main_company,Company,Swiss Flight Services SA,,,Fabrique 2,,2016,Cortaillod,,Switzerland,,,032 84238 00,,032 841 38 84,,,de_DE,,,False,,none,,,False,,,,,,,,
__demo__.res_partner_44306671,Other address,True,False,False,base.main_company,Company,Swiss Flight Services SA,,,Aérodrome de ColombierCase postale 236,,2013,Colombier,,Switzerland,,,032 84238 00,,032 841 38 84,,,de_DE,,,False,,none,,,False,,,,,,,,
__demo__.res_partner_44306672,Contact,True,True,False,base.main_company,Company,Baslerstab,,,Aeschenplatz 7,,4052,Basel,,Switzerland,,,061 693 16 93,,061 691 00 61,,,de_DE,,,False,,none,,,False,,,,,,,,
__demo__.res_partner_44306673,Contact,True,True,False,base.main_company,Company,Amt für Gesundheit,,,Aeulestrasse 51,,9490,Vaduz,,Switzerland,,,,,,,,de_DE,,,False,,none,,,False,,,,,,,,
__demo__.res_partner_44306674,Contact,True,True,False,base.main_company,Company,Planenergi Zealand,,,Aggerupvej 1,,4330,Hvalsoe,,Denmark,,,+45 4646 12 29,,,,,en_US,,,False,,none,,,False,,,,,,,,
__demo__.res_partner_44306675,Contact,True,True,False,base.main_company,Company,MST Systemtechnik AG,,,Airport Business Center 60,,3123,Belp,,Switzerland,www.mst.ch,,0041 31 810 15 00,,0041 31 810 15 05,,,de_DE,,,False,,none,,,False,,,,,,,,
__demo__.res_partner_44306676,Contact,True,True,False,base.main_company,Company,Weisskopf Partner GmbH,,,Albisriedstrasse 184b,,8047,Zürich,,Switzerland,,,044 400 80 40,,,,,de_DE,,,False,,none,,,False,,,,,,,,
__demo__.res_partner_44306677,Contact,True,True,False,base.main_company,Company,Neue Fricktaler Zeitung AG,,,Baslerstrasse 10,,4310,Rheinfelden,,,,,062 865 35 70,,,,,de_DE,,,False,,none,,,False,,,,,,,,
__demo__.res_partner_44306678,Contact,True,True,False,base.main_company,Company,Bison IT Services AG,,,Allee 1A,,6210,Sursee,,Switzerland,,,058 226 00 00,,058 226 00 50,,,de_DE,,,False,,none,,,False,,,,,,,,
__demo__.res_partner_44306679,Contact,True,True,False,base.main_company,Company,Holinger AG,,,Alpenquai 12,,6005,Luzern,,Switzerland,www.holinger.com,,041 360 69 00,,041 360 50 24,,,de_DE,,,False,,none,,,False,,,,,,,,
__demo__.res_partner_44306680,Contact,True,True,False,base.main_company,Company,Gemiende Luterbach,,,Alpenstrasse 40,,4542,Luterbach,,Switzerland,,,032 682 53 30,,032 682 15 86,,,de_DE,,,False,,none,,,False,,,,,,,,
__demo__.res_partner_44306681,Contact,True,True,False,base.main_company,Company,Forschungsstelle für Umweltbeobachtung,,,Alte Jonastrasse 83,,8640,Rapperswil,,Switzerland,,,055 211 05 55,,,,,de_DE,,,False,,none,,,False,,,,,,,,
__demo__.res_partner_44306682,Contact,True,True,False,base.main_company,Company,"Osterwalder, Lehmann Ingenieure und Geometer AG",,,alte Landstrasse 248,,8708,Männedorf,,Switzerland,,,,,,,,de_DE,,,False,,none,,,False,,,,,,,,
__demo__.res_partner_44306683,Contact,True,True,False,base.main_company,Company,Galvaswiss AG,,,Alte Lyssstrasse 33,,3270,Aarberg,,Switzerland,,,032 391 20 20,,,,,de_DE,,,False,,none,,,False,,,,,,,,
__demo__.res_partner_44306684,Contact,True,True,False,base.main_company,Company,Gemeinde Regensdorf,,,Althardstrasse 170,,8105,Regensdorf,,Switzerland,,,044 840 20 81,,044 840 05 49,,,de_DE,,,False,,none,,,False,,,,,,,,
__demo__.res_partner_44306686,Contact,True,True,False,base.main_company,Company,Carrier Kältetechnik Deutschland GmbH,,,Am Mainzer Weg 7,,55246,Mainz,,Germany,,,,,,,,de_DE,,MNDLL_2013.002,False,,none,,,False,,,,,,,,
__demo__.res_partner_44306687,Contact,True,True,False,base.main_company,Company,Amt für Luft und Lärm der Provinz Bozen,,,Amba-Alagistrasse 35,,39100,Bozen,,Italy,,,++39 0471 411 820,,,,,en_US,,,False,,none,,,False,,,,,,,,
__demo__.res_partner_44306688,Contact,True,True,False,base.main_company,Company,ecotècnica,,,"Amistat, 23, 1er",,8005,Barcelona,,Spain,,,0034 932 25 76 00,,,,,en_US,,,False,,none,,,False,,,,,,,,
__demo__.res_partner_44306689,Contact,True,True,False,base.main_company,Company,Hochschule Bremerhaven,,,An der Karlstadt 8,,27568,Bremerhaven,,Germany,,,,,,,,de_DE,,,False,,none,,,False,,,,,,,,
__demo__.res_partner_44306690,Contact,True,True,False,base.main_company,Company,Conergy AG,,,Anckelmannsplatz 1,,20537,Hamburg,,Germany,www.conergy-group.com,,+49 4027142-1000,,+49 40 27142-1100,,,de_DE,,,False,,none,,,False,,,,,,,,
__demo__.res_partner_44306691,Contact,True,True,False,base.main_company,Company,Electricidadsa de Portugal SA,,,"Av. Infante Santo, 17°",,1350,Lisboa,,Portugal,,,00351 13 95 59 00,,,,,en_US,,,False,,none,,,False,,,,,,,,
__demo__.res_partner_44306692,Contact,True,True,False,base.main_company,Company,E4tech Software SA,,,Av. Juste-Olivier 2,,1006,Lausanne,,Switzerland,www.e4tech.com,,021 331 15 79,,021 331 15 61,,,de_DE,,13002mndll,False,,none,,,False,,,,,,,,
__demo__.res_partner_44306693,Contact,True,True,False,base.main_company,Company,Universidad Nacional de San Juan,,,Av. Libertador Gral. San Martin 1109 (o),,5400,San Juan,,Argentina,,,0054 64 22 64 44,,,,,en_US,,,False,,none,,,False,,,,,,,,
__demo__.res_partner_44306694,Contact,True,True,False,base.main_company,Company,Service cantonal de protection de l'air,,,Av. Ste-Clotilde 23Case postale 78,,1211,Genève 8,,Switzerland,,,022 388 80 50,,022 388 80 09,,,de_DE,,,False,,none,,,False,,,,,,,,
__demo__.res_partner_44306695,Contact,True,True,False,base.main_company,Company,Service de l'Electricité de Moutier,,,Avenue de la Liberté 20,,2740,Moutier,,Switzerland,,,032 494 12 22,,,,,de_DE,,,False,,none,,,False,,,,,,,,
__demo__.res_partner_44306696,Contact,True,True,False,base.main_company,Company,CSD Ingénieurs SA (Sion),,,Rue de l’Industrie 54,,1950,Sion,,Switzerland,,,+41 27 324 80 00,,,,,de_DE,,,False,,none,,,False,,,,,,,,
__demo__.res_partner_44306697,Contact,True,True,False,base.main_company,Company,Etat du Valais,,,Avenue Ritz 1,,1950,Sion,,Switzerland,,,,,,,,de_DE,,,False,,none,,,False,,,,,,,,
__demo__.res_partner_44306698,Contact,True,True,False,base.main_company,Company,"Staubli, Kurath & Partner AG",,,Bachmattstrasse 53,,8048,Zürich,,Switzerland,www.wasserbau.ch,,043 336 40 50,,043 336 40 60,,,de_DE,,,False,,none,,,False,,,,,,,,
__demo__.res_partner_44306699,Contact,True,True,False,base.main_company,Company,Radio Munot Betriebs AG,,,Stadthausgasse 11Postfach 1226,,8201,Schaffhausen,,Switzerland,www.radiomunot.ch,,052 633 44 11,,052 633 44 12,,,de_DE,,,False,,none,,,False,,,,,,,,
__demo__.res_partner_44306700,Contact,True,True,False,base.main_company,Company,"Basler & Hofmann AG, Ingenieure, Planer und Berater",,,Bachweg 1Postfach,,8133,Esslingen,,Switzerland,www.baslerhofmann.ch,,+41 44 387 15 22,,+41 44 387 15 00,,,de_DE,,hhkw_sisseln_14_091,False,,none,,,False,,,,,,,,
__demo__.res_partner_44306701,Contact,True,True,False,base.main_company,Company,Niederämter Anzeiger,,,Bäckerstrasse 4,,5012,Schönenwerd,,Switzerland,,,062 849 60 60,,,,,de_DE,,,False,,none,,,False,,,,,,,,
__demo__.res_partner_44306702,Contact,True,True,False,base.main_company,Company,Aartesys AG,,,Bahnhofplatz 7Postfach 26,,2501,Biel,,Switzerland,www.aartesys.ch,,,,,,,de_DE,,,False,,none,,,False,,,,,,,,
__demo__.res_partner_44306703,Contact,True,True,False,base.main_company,Company,ATEL,,,Bahnhofquai,,4601,Oltern,,Switzerland,,,,,,,,de_DE,,,False,,none,,,False,,,,,,,,
__demo__.res_partner_44306704,Contact,True,True,False,base.main_company,Company,Alpiq AG,,,Bahnhofquai 12,,4601,Olten,,Switzerland,,,,,,,,de_DE,,,False,,none,,,False,,,,,,,,
__demo__.res_partner_44306705,Contact,True,True,False,base.main_company,Company,WindPower AG,,,Bahnhofstrasse 10Postfach 143,,6162,Entlebuch,,Switzerland,,,041 480 32 86,,,,,de_DE,,,False,,none,,,False,,,,,,,,
__demo__.res_partner_44306706,Contact,True,True,False,base.main_company,Company,Anzeiger für das Amt Interlaken,,,Bahnhofstrasse 15,,3800,Interlaken,,Switzerland,,,033 828 80 80,,,,,de_DE,,,False,,none,,,False,,,,,,,,
__demo__.res_partner_44306707,Contact,True,True,False,base.main_company,Company,WEGA Energiemanagement,,,Bahnhofstrasse 15,,8890,Flums,,Switzerland,,,026 534 6992,,,,,de_DE,,,False,,none,,,False,,,,,,,,
__demo__.res_partner_44306708,Contact,True,True,False,base.main_company,Company,Bauamt Wetzikon,,,Bahnhofstrasse 16,,8622,Wetzikon,,Switzerland,www.wetzikon.ch,,0041 44 931 32 00,,0041 44 931 32 77,,,de_DE,,Karte: http://map.search.ch/wetzikon/bahnhofstr.167?b=low,False,,none,,,False,,,,,,,,
__demo__.res_partner_44306709,Contact,True,True,False,base.main_company,Company,Anzeiger für das Amt Aarwangen,,,Bahnhofstrasse 39,,4901,Langenthal,,Switzerland,,,062 922 65 55,,,,,de_DE,,,False,,none,,,False,,,,,,,,
__demo__.res_partner_44306710,Contact,True,True,False,base.main_company,Company,Anzeiger Langenthal und Umgebung,,,Bahnhofstrasse 39,,4901,Langenthal,,Switzerland,www.anzeigerlangenthal.ch,,062 922 65 55,,062 922 93 27,,,de_DE,,,False,,none,,,False,,,,,,,,
__demo__.res_partner_44306711,Contact,True,True,False,base.main_company,Company,Neues Bülacher Tagblatt,,,Bahnhofstrasse 44,,8180,Bülach,,Switzerland,,,,,,,,de_DE,,,False,,none,,,False,,,,,,,,
__demo__.res_partner_44306712,Contact,True,True,False,base.main_company,Company,Girsberger Informatik AG,,,Bahnhofstrasse 53,,6440,Brunnen,,Switzerland,,,041 822 00 00,,,,,de_DE,,,False,,none,,,False,,,,,,,,
__demo__.res_partner_44306713,Contact,True,True,False,base.main_company,Company,Der Unter-Emmentaler,,,Bahnhofstrasse 9,,4950,Huttwil,,Switzerland,,,062 959 80 70,,,,,de_DE,,,False,,none,,,False,,,,,,,,
__demo__.res_partner_44306714,Contact,True,True,False,base.main_company,Company,Druckerei Schürch AG,,,Bahnhofstrasse 9,,4950,Huttwil,,Switzerland,,,062 959 80 70,,,,,de_DE,,,False,,none,,,False,,,,,,,,
__demo__.res_partner_44306715,Contact,True,True,False,base.main_company,Company,Tiefbauamt des Kt. Schwyz,,,Bahnhofstrasse 9,,6480,Schwyz,,Switzerland,,,,,,,,de_DE,,,False,,none,,,False,,,,,,,,
__demo__.res_partner_44306716,Contact,True,True,False,base.main_company,Company,Eichenberger Beratung & Unterstützung AG,,,Bälliz 10,,3600,Thun,,Switzerland,,,,,,,,de_DE,,,False,,none,,,False,,,,,,,,
__demo__.res_partner_44306717,Contact,True,True,False,base.main_company,Company,Swisspower Renewables AG,,,Bändliweg 20Postfach,,8048,Zürich,,Switzerland,www.swisspower.ch,,044 253 82 11,,044 253 82 31,,,de_DE,,,False,,none,,,False,,,,,,,,
__demo__.res_partner_44306718,Contact,True,True,False,base.main_company,Company,Fondation Beyeler,,,Baselstrasse 101,,4125,Riehen,,Switzerland,,,,,,,,de_DE,,,False,,none,,,False,,,,,,,,
__demo__.res_partner_44306719,Contact,True,True,False,base.main_company,Company,Gemeindeverwaltung Uitikon,,,Bauamt,,8142,Uitikon,,Switzerland,,,,,,,,de_DE,,,False,,none,,,False,,,,,,,,
__demo__.res_partner_44306720,Contact,True,True,False,base.main_company,Company,"Gossweiler Media, Jungfrauzeitung",,,beim Bahnhof,,3855,Brienz,,Switzerland,,,033 952 13 33,,,,,de_DE,,,False,,none,,,False,,,,,,,,
__demo__.res_partner_44306721,Contact,True,True,False,base.main_company,Company,Jordi das Medienhaus,,,Belpbergstrasse 15,,3123,Belp,,Switzerland,,,031 818 01 11,,,,,de_DE,,,False,,none,,,False,,,,,,,,
__demo__.res_partner_44306722,Contact,True,True,False,base.main_company,Company,Gerber Rolf AG,,,Berchtoldstrasse 37,,3012,Bern,,Switzerland,www.rolfgerber.ch,,031 307 76 76,,031 302 74 62,,,de_DE,,,False,,none,,,False,,,,,,,,
__demo__.res_partner_44306723,Contact,True,True,False,base.main_company,Company,Gemeinde Zollikon,,,Bergstrasse 20Postfach 280,,8702,Zollikon,,Switzerland,,,044 395 34 21,,044 395 38 40,,,de_DE,,,False,,none,,,False,,,,,,,,
__demo__.res_partner_44306724,Contact,True,True,False,base.main_company,Company,Der Murtenbieter,,,Bernstrasse 15,,3280,Murten,,Switzerland,,,026 672 97 00,,,,,de_DE,,,False,,none,,,False,,,,,,,,
__demo__.res_partner_44306725,Contact,True,True,False,base.main_company,Company,Seewer Treuhand AG,,,Bernstrasse 18Postfach 221,,2555,Brügg,,Switzerland,www.seewer-treuhand.ch,,032 366 00 44,,032 366 00 45,,,de_DE,,,False,,none,,,False,,,,,,,,
__demo__.res_partner_44306726,Contact,True,True,False,base.main_company,Company,Gemeinde Ostermundigen,,,Bernstrasse 65d,,3072,Ostermundigen,,Switzerland,,,031 931 49 47,,031 931 50 47,,,de_DE,,,False,,none,,,False,,,,,,,,
__demo__.res_partner_44306727,Contact,True,True,False,base.main_company,Company,ILK Dresden,,,Bertolt-Brecht-Allee 20,,1309,Dresden,,Germany,,,0049 351 408 17 00,,,,,de_DE,,,False,,none,,,False,,,,,,,,
__demo__.res_partner_44306728,Contact,True,True,False,base.main_company,Company,Druckerei Läderach AG,,,Beundenfeldstrasse 17,,3000,Bern 25,,Switzerland,www.laedera.ch,,031 331 61 26,,,,,de_DE,,,False,,none,,,False,,,,,,,,
__demo__.res_partner_44306730,Contact,True,True,False,base.main_company,Company,INFRAS,,,Binzstrasse 23Postfach,,8045,Zürich,,Switzerland,,,044 205 95 95,,,,,de_DE,,,False,,none,,,False,,,,,,,,
__demo__.res_partner_44306731,Contact,True,True,False,base.main_company,Company,GeoWerkstatt GmbH,,,Bleichmattstrasse 2,,5000,Aarau,,Switzerland,,,062 832 63 63,,,,,de_DE,,,False,,none,,,False,,,,,,,,
__demo__.res_partner_44306732,Contact,True,True,False,base.main_company,Company,"armasuisse Immobilien, Kompetenzzentrum Energie, Luft & Lärm",,,Blumenbergstrasse 39,,3003,Bern,,Switzerland,,,,,,,,de_DE,,,False,,none,,,False,,,,,,,,
__demo__.res_partner_44306733,Contact,True,True,False,base.main_company,Company,International Mountaineering,,,Bodenstrasse 5,,3715,Adelboden,,Switzerland,,,,,,,,de_DE,,,False,,none,,,False,,,,,,,,
__demo__.res_partner_44306734,Contact,True,True,False,base.main_company,Company,Büro Dr. R. Meier,,,Bolligenstrasse 14b,,3006,Bern,,Switzerland,,,031 333 24 69,,,,,de_DE,,,False,,none,,,False,,,,,,,,
__demo__.res_partner_44306735,Contact,True,True,False,base.main_company,Company,aR solutions GmbH,,,Bollstrasse 61Postfach 5,,3076,Worb,,Switzerland,,,031 357 50 80,,031 357 50 81,,,de_DE,,,False,,none,,,False,,,,,,,,
__demo__.res_partner_44306736,Contact,True,True,False,base.main_company,Company,Schweizerische Bundesbahnen SBB,,,Bollwerk 10,,3000,Bern,,Switzerland,www.sbb.ch,,,,,,,de_DE,,,False,,none,,,False,,,,,,,,
__demo__.res_partner_44306737,Contact,True,True,False,base.main_company,Company,WWF Regionalstelle Bern,,,Bollwerk 35,,3011,Bern,,Switzerland,www.wwf-be.ch,,031 312 15 79,,,,,de_DE,,,False,,none,,,False,,,,,,,,
__demo__.res_partner_44306738,Contact,True,True,False,base.main_company,Company,GWU Umwelttechnik,,,Bonner Ring 9,,50374,Erftstadt,,Germany,,,+49 2235 95522 0,,+49 2235 95522 99,,,de_DE,,,False,,none,,,False,,,,,,,,
__demo__.res_partner_44306739,Contact,True,True,False,base.main_company,Company,PSI Aktiengesellschaft für Produkte und Systeme der Informationstechnologie,,,Boschweg 6,,63741,Aschaffenburg,,Germany,www.psienergy.de,,,,,,,de_DE,,,False,,none,,,False,,,,,,,,
__demo__.res_partner_44306740,Contact,True,True,False,base.main_company,Company,Hochschule für Technik und Architektur Freiburg,,,Boulevard de Pérolles 80 CP 32,,1705,Freiburg,,Switzerland,,,026 429 66 11,,,,,de_DE,,,False,,none,,,False,,,,,,,,
__demo__.res_partner_44306741,Contact,True,True,False,base.main_company,Company,Ecole des Mines de Paris,,,BP 207,,6904,Sophia Antipolis cedex,,France,,,0033 493 95 74 49,,,,,fr_FR,,,False,,none,,,False,,,,,,,,
__demo__.res_partner_44306742,Contact,True,True,False,base.main_company,Company,Amt für Raumplanung des Kt. Nidwalden,,,Breitenhaus,,6350,Stans,,Switzerland,,,,,,,,de_DE,,,False,,none,,,False,,,,,,,,
__demo__.res_partner_44306743,Contact,True,True,False,base.main_company,Company,Gemeinde Birmensdorf,,,Breitestrasse 2,,8903,Birmensdorf,,Switzerland,,,044 737 24 63,,044 737 24 07,,,de_DE,,,False,,none,,,False,,,,,,,,
__demo__.res_partner_44306744,Contact,True,True,False,base.main_company,Company,Gymnasium Neufeld,,,Bremgartenstrasse 133,,3012,Bern,,Switzerland,,,031 300 27 52,,,,,de_DE,,,False,,none,,,False,,,,,,,,
__demo__.res_partner_44306745,Contact,True,True,False,base.main_company,Company,Satz+Druck Herrmann AG Langnau,,,Brennerstr. 7,,3550,Langnau,,Switzerland,,,034 409 40 00,,,,,de_DE,,,False,,none,,,False,,,,,,,,
__demo__.res_partner_44306746,Contact,True,True,False,base.main_company,Company,Dorfmann Ingenieure,,,Brennerstrasse 17a,,39040,Vahrn,,Italy,,,+39 0472 83 57 10,,,,,en_US,,,False,,none,,,False,,,,,,,,
__demo__.res_partner_44306747,Contact,True,True,False,base.main_company,Company,ABB Schweiz AG,,,Brown-Boveri-Strasse 6,,5400,Baden,,Switzerland,,,044 306 89 62,,,,,de_DE,,,False,,none,,,False,,,,,,,,
__demo__.res_partner_44306748,Contact,True,True,False,base.main_company,Company,Archäologischer Dienst des Kt. Bern,,,Brünnenstrasse 66,,3018,Bern,,Switzerland,,,031 633 98 22,,031 633 98 20,,,de_DE,,,False,,none,,,False,,,,,,,,
__demo__.res_partner_44306749,Contact,True,True,False,base.main_company,Company,"Amt für Umweltschutz, Stadtlabor Bern",,,Morgartenstrasse 2a,,3000,Bern 22,,,,,031 321 75 52,,,,,de_DE,,,False,,none,,,False,,,,,,,,
__demo__.res_partner_44306751,Contact,True,True,False,base.main_company,Company,Salzachwind,,,Brunnhausgasse 5,,5020,Salzburg,,Austria,,,++43 662 80 44 66 13,,,,,de_DE,,,False,,none,,,False,,,,,,,,
__demo__.res_partner_44306752,Contact,True,True,False,base.main_company,Company,UBS AG,,,Bubenbergplatz 3,,3001,Bern,,Switzerland,,,031 336 21 11,,,,,de_DE,,,False,,none,,,False,,,,,,,,
__demo__.res_partner_44306754,Contact,True,True,False,base.main_company,Company,d'Region Burgdorf,,,Buchmattstrasse 11,,3401,Burgdorf,,Switzerland,,,034 420 13 23,,034 420 13 18,,,de_DE,,,False,,none,,,False,,,,,,,,
__demo__.res_partner_44306755,Contact,True,True,False,base.main_company,Company,Haller + Jenzer AG,,,Buchmattstrasse 11,,3401,Burgdorf,,Switzerland,,,,,,,,de_DE,,,False,,none,,,False,,,,,,,,
__demo__.res_partner_44306756,Contact,True,True,False,base.main_company,Company,Solar Campus GmbH Technopark Wetzikon,,,Frohbergstrasse 12c,,8620,Wetzikon,,Switzerland,www.solarcampus.ch,,043 495 21 00,,,,,de_DE,,13002mndll,False,,none,,,False,,,,,,,,
__demo__.res_partner_44306757,Contact,True,True,False,base.main_company,Company,Interwind SA,,,Buchzelgweg 5,,8053,Zürich,,Switzerland,,,044 383 16 27,,,,,de_DE,,,False,,none,,,False,,,,,,,,
__demo__.res_partner_44306758,Contact,True,True,False,base.main_company,Company,Blowfish AG,,,Bümplizstrasse 101,,3018,Bern,,Switzerland,,,031 922 30 30,,,,,de_DE,,,False,,none,,,False,,,,,,,,
__demo__.res_partner_44306760,Contact,True,True,False,base.main_company,Company,GO4WEB,,,Bürgenstrasse 21,,6005,Luzern,,Switzerland,www.go4weg.ch,,041 410 84 08,,041 410 84 09,,,de_DE,,,False,,none,,,False,,,,,,,,
__demo__.res_partner_44306761,Contact,True,True,False,base.main_company,Company,LandesEnergieVerein Steiermark,,,Burggasse 9/II,,8010,Graz,,Austria,,,++43 316 877 33 89,,,,,de_DE,,,False,,none,,,False,,,,,,,,
__demo__.res_partner_44306763,Contact,True,True,False,base.main_company,Company,"AIGUASOL, Sistemes Avançats d'Energia Solar Tèrmica",,,"C/ Palau 4, 2n. 2a.",,8002,Barcelona,,Spain,www.aiguasol.com,,+34 93 342 47 55,,+34 93 342 47 56,,,en_US,,MNDLL,False,,none,,,False,,,,,,,,
__demo__.res_partner_44306764,Contact,True,True,False,base.main_company,Company,Suisse Eole,,,c/o ENCO AG Wattwerkstrasse 1,,4416,Bubendorf,,Switzerland,,,061 965 99 00,,,,,de_DE,,,False,,none,,,False,,,,,,,,
__demo__.res_partner_44306765,Contact,True,True,False,base.main_company,Company,RhônEole SA,,,"c/o SEIC SA, Grand Hôtel",,1904,Vernayaz,,Switzerland,,,,,,,,de_DE,,,False,,none,,,False,,,,,,,,
__demo__.res_partner_44306766,Contact,True,True,False,base.main_company,Company,TISO,,,c/o STS Scuola Tecnica Superiore,,6952,Canobbio,,Switzerland,,,091 940 47 78,,,,,de_DE,,,False,,none,,,False,,,,,,,,
__demo__.res_partner_44306767,Contact,True,True,False,base.main_company,Company,Reklame Siegenthaler AG,,,Cäcilienstrasse 121,,3007,Bern,,Switzerland,,,031 372 33 30,,,,,de_DE,,,False,,none,,,False,,,,,,,,
__demo__.res_partner_44306768,Contact,True,True,False,base.main_company,Company,Hertz Autovermietung,,,Casinoplatz,,3000,Bern,,Switzerland,,,031 318 21 60,,,,,de_DE,,,False,,none,,,False,,,,,,,,
__demo__.res_partner_44306769,Contact,True,True,False,base.main_company,Company,Avenis Tradin SA (EOS),,,ch. de Mornex 12Case postale 105,,1003,Lausanne,,Switzerland,,,,,,,,de_DE,,,False,,none,,,False,,,,,,,,
__demo__.res_partner_44306771,Contact,True,True,False,base.main_company,Company,Service de l'environment et de l'énergie,,,Ch. des Boveresses 155,,1066,Epalinges,,Switzerland,,,021 316 43 60,,,,,de_DE,,,False,,none,,,False,,,,,,,,
__demo__.res_partner_44306773,Contact,True,True,False,base.main_company,Company,Reichenbach Hans AG,,,Chalet Zentrum,,3780,Gstaad,,Switzerland,,,033 744 27 54,,,,,de_DE,,,False,,none,,,False,,,,,,,,
__demo__.res_partner_44306774,Contact,True,True,False,base.main_company,Company,Caratsch SA,,,Chasa Bröl,,7537,Müstair,,Switzerland,,,,,,,,de_DE,,,False,,none,,,False,,,,,,,,
__demo__.res_partner_44306775,Contact,True,True,False,base.main_company,Company,Société Electrique des Forces de l'Aubonne,,,Chemin de l'Ouriettaz 173,,1170,Aubonne,,Switzerland,,,,,,,,de_DE,,,False,,none,,,False,,,,,,,,
__demo__.res_partner_44306776,Contact,True,True,False,base.main_company,Company,INSER SA,,,Chemin de Maillefer 36,,1052,Le Mont-sur-Lausanne,,Switzerland,www.inser.ch,,021 643 77 11,,,,,de_DE,,,False,,none,,,False,,,,,,,,
__demo__.res_partner_44306777,Contact,True,True,False,base.main_company,Company,MicroGIS SA,,,Chemin des Jordils 40,,1025,St.-Sulpice,,Switzerland,www.microgis.ch,,021 691 77 17,,021 691 77 86,,,de_DE,,,False,,none,,,False,,,,,,,,
__demo__.res_partner_44306778,Contact,True,True,False,base.main_company,Company,"Office de l'environnement, ct. du Jura",,,Chemin du Bel'Oiseau 12Case postale 69,,2882,Saint-Ursanne,,Switzerland,,,032 420 48 00,,,,,de_DE,,,False,,none,,,False,,,,,,,,
__demo__.res_partner_44306779,Contact,True,True,False,base.main_company,Company,Services Industriels de Genève,,,Chemin du Château-Bloch 2,,1219,Le Lignon,,Switzerland,,,,,,,,de_DE,,,False,,none,,,False,,,,,,,,
__demo__.res_partner_44306780,Contact,True,True,False,base.main_company,Company,Remund + Kuster,,,Churerstrasse 47,,8808,Pfäffikon SZ,,Switzerland,,,055 410 19 60,,,,,de_DE,,,False,,none,,,False,,,,,,,,
__demo__.res_partner_44306781,Contact,True,True,False,base.main_company,Company,UNISYS Schweiz AG,,,Chutzenstrasse 24Postfach 326,,3000,Bern 14,,Switzerland,,,031 380 37 00,,,,,de_DE,,,False,,none,,,False,,,,,,,,
__demo__.res_partner_44306782,Contact,True,True,False,base.main_company,Company,meteoblue,,,Clarastrasse 2,,4058,Basel,,Switzerland,www.meteoblue.ch,,,,,,,de_DE,,,False,,none,,,False,,,,,,,,
__demo__.res_partner_44306784,Contact,True,True,False,base.main_company,Company,"NEK Umwelttechnik AG, Zweigniederlassung Zürich",,,Clausiusstrasse 41,,8033,Zürich,,Switzerland,,,044 261 07 07,,,,,de_DE,,,False,,none,,,False,,,,,,,,
__demo__.res_partner_44306785,Contact,True,True,False,base.main_company,Company,Prona AG,,,Collègegasse 9Postfach 3556,,2500,Biel 3,,Switzerland,,,032 328 88 28,,,,,de_DE,,,False,,none,,,False,,,,,,,,
__demo__.res_partner_44306786,Contact,True,True,False,base.main_company,Company,Planair SA,,,Crêt 108a,,2314,La Sagne,,Switzerland,,,032 933 88 40,,032 933 88 50,,,de_DE,,,False,,none,,,False,,,,,,,,
__demo__.res_partner_44306788,Contact,True,True,False,base.main_company,Company,Considerate AG,,,Dählenweg 17,,3095,Spiegel b. Bern,,Switzerland,,,031 311 28 17,,,,,de_DE,,,False,,none,,,False,,,,,,,,
__demo__.res_partner_44306789,Contact,True,True,False,base.main_company,Company,Schweizer Bauer Betriebsgesellschaft,,,Dammweg 9Postfach 795,,3000,Bern 22,,Switzerland,,,031 333 34 44,,,,,de_DE,,,False,,none,,,False,,,,,,,,
__demo__.res_partner_44306790,Contact,True,True,False,base.main_company,Company,Redaktion Der Bund,,,Dammweg 9Postfach,,3001,Bern 8,,Switzerland,,,031 385 11 11,,031 385 11 12,,,de_DE,,,False,,none,,,False,,,,,,,,
__demo__.res_partner_44306791,Contact,True,True,False,base.main_company,Company,Berner Zeitung BZ,,,Dammweg 9Postfach,,3001,Bern,,Switzerland,,,031 330 31 11,,,,,de_DE,,,False,,none,,,False,,,,,,,,
__demo__.res_partner_44306792,Contact,True,True,False,base.main_company,Company,Büchler Grafino AG,,,Dammweg9Postfach 5635,,3001,Bern,,Switzerland,,,031 330 39 39,,,,,de_DE,,,False,,none,,,False,,,,,,,,
__demo__.res_partner_44306793,Contact,True,True,False,base.main_company,Company,Bern Online,,,Dammweg 9Postfach,,3001,Bern,,Switzerland,,,031 330 31 11,,,,,de_DE,,,False,,none,,,False,,,,,,,,
__demo__.res_partner_44306794,Contact,True,True,False,base.main_company,Company,"Büchler Grafino AG, Berner Bär",,,Dammweg9Postfach 5463,,3001,Bern,,Switzerland,,,031 330 35 55,,,,,de_DE,,,False,,none,,,False,,,,,,,,
__demo__.res_partner_44306795,Contact,True,True,False,base.main_company,Company,inNET Monitoring AG,,,Dätwylerstrasse 15,,6460,Altdorf,,Switzerland,www.innetag.ch,,041 500 50 40,,,,,de_DE,,,False,,none,,,False,,,,,,,,
__demo__.res_partner_44306796,Contact,True,True,False,base.main_company,Company,Meliorations- und Vermessungsamt des Kt. St. Gallen,,,Davidstrasse 35,,9001,St. Gallen,,Switzerland,,,,,,,,de_DE,,,False,,none,,,False,,,,,,,,
__demo__.res_partner_44306797,Contact,True,True,False,base.main_company,Company,Kipp & Zonen B.V.,,,Delftechpark 36,,2628 XH,Delft,,Netherlands,www.kippzonen.com,,,,,,,en_US,,,False,,none,,,False,,,,,,,,
__demo__.res_partner_44306798,Contact,True,True,False,base.main_company,Company,Markus Heggli,,,Denkmalstrasse 2,,6006,Luzern,,Switzerland,,,041 410 38 68,,,,,de_DE,,,False,,none,,,False,,,,,,,,
__demo__.res_partner_44306799,Contact,True,True,False,base.main_company,Company,MK Consulting GmbH,,,Distelweg 5,,3007,Bern,,Switzerland,,,,,,,,de_DE,,,False,,none,,,False,,,,,,,,
__demo__.res_partner_44306800,Contact,True,True,False,base.main_company,Company,WaterGisWeb AG,,,Donnerbühlweg 41,,3012,Bern,,Switzerland,,,031 305 18 11,,,,,de_DE,,,False,,none,,,False,,,,,,,,
__demo__.res_partner_44306801,Contact,True,True,False,base.main_company,Company,Stöckli Kienast & Köppel,,,DorfstrassePostfach,,5430,Wettingen 1,,Switzerland,,,056 427 02 20,,,,,de_DE,,,False,,none,,,False,,,,,,,,
__demo__.res_partner_44306802,Contact,True,True,False,base.main_company,Company,grindelwaldSPORTS AG / Schweizer Schnee und Bergsportschule,,,Dorfstrasse 103,,3818,Grindelwald,,Switzerland,www.grindelwaldsports.ch,,+41 33 854 12 90,,,,,de_DE,,,False,,none,,,False,,,,,,,,
__demo__.res_partner_44306803,Contact,True,True,False,base.main_company,Company,Gebäudebewirtschaftung & Energie Treuhand,,,Dorfstrasse 15,,3232,Ins,,Switzerland,,,032 534 04 51,,,,,de_DE,,,False,,none,,,False,,,,,,,,
__demo__.res_partner_44306804,Contact,True,True,False,base.main_company,Company,Radio neo1,,,Dorfstrasse 29,,3550,Langnau i.E.,,Switzerland,www.neo1.ch,,058 817 17 00,,,,,de_DE,,,False,,none,,,False,,,,,,,,
__demo__.res_partner_44306805,Contact,True,True,False,base.main_company,Company,Gemeinde Uetendorf,,,Dorfstrasse 48,,3661,Uetendorf,,Switzerland,,,033 346 40 00,,033 346 40 41,,,de_DE,,,False,,none,,,False,,,,,,,,
__demo__.res_partner_44306806,Contact,True,True,False,base.main_company,Company,IVT Geomatik AG,,,Dorfstrasse 53Postfach,,8105,Regensdorf-Watt,,Switzerland,www.itv.ch,,044 871 21 90,,044 871 21 99,,,de_DE,,,False,,none,,,False,,,,,,,,
__demo__.res_partner_44306807,Contact,True,True,False,base.main_company,Company,OS Technology AG,,,Dorfstrasse 73,,3073,Gümligen,,Switzerland,,,031 951 71 81,,,,,de_DE,,,False,,none,,,False,,,,,,,,
__demo__.res_partner_44306808,Contact,True,True,False,base.main_company,Company,Meteo Time GmbH,,,Dorfstrasse 73,,3073,Gümligen,,Switzerland,www.meteotime.com,,031 951 02 51,,031 951 21 06,,,de_DE,,Vertrieb Irox,False,,none,,,False,,,,,,,,
__demo__.res_partner_44306809,Contact,True,True,False,base.main_company,Company,AS Engineering AG,,,Dorfstrasse 94,,3534,Signau,,Switzerland,,,031 330 28 28,,,,,de_DE,,,False,,none,,,False,,,,,,,,
__demo__.res_partner_44306810,Contact,True,True,False,base.main_company,Company,Oekoskop,,,Dornacherstrasse 192,,4053,Basel,,Switzerland,,,061 336 99 44,,,,,de_DE,,,False,,none,,,False,,,,,,,,
__demo__.res_partner_44306811,Contact,True,True,False,base.main_company,Company,ideja,,,Dornacherstrasse 192,,4018,Basel,,Switzerland,,,++41 (0)61 333 23 00,,,,,de_DE,,,False,,none,,,False,,,,,,,,
__demo__.res_partner_44306812,Contact,True,True,False,base.main_company,Company,Förderverein Mad'Eole Schweiz,,,Dornacherstrasse 8,,4603,Olten,,Switzerland,,,+41 62 212 44 03,,,,,de_DE,,,False,,none,,,False,,,,,,,,
__demo__.res_partner_44306813,Contact,True,True,False,base.main_company,Company,Quickline AG,,,Dr. Schneider-Strasse 16,,2560,Nidau,,Switzerland,www.quickline.ch,,032 559 99 99,,032 559 99 90,,,de_DE,,,False,,none,,,False,,,,,,,,
__demo__.res_partner_44306814,Contact,True,True,False,base.main_company,Company,ENERCON Aurich,,,Dreekamp 5,,26605,Aurich,,Germany,www.enercon.de,,+49 49 41 927 0,,+49  49 41 927 109,,,de_DE,,,False,,none,,,False,,,,,,,,
__demo__.res_partner_44306815,Contact,True,True,False,base.main_company,Company,HDI-Gerling Industrie Versicherung,,,Dufourstrasse 34,,8034,Zürich,,Switzerland,www.hdi-gerling.ch,,,,,,,de_DE,,,False,,none,,,False,,,,,,,,
__demo__.res_partner_44306816,Contact,True,True,False,base.main_company,Company,DEWI,,,Eberstrasse 96,,26382,Wilhelmshaven,,Germany,,,,,,,,de_DE,,,False,,none,,,False,,,,,,,,
__demo__.res_partner_44306817,Contact,True,True,False,base.main_company,Company,W4 Services GmbH,,,Edelweiss-Strasse 6,,5430,Wettingen,,Switzerland,www.w-4.com,,0848 80 70 40,,,,,de_DE,,,False,,none,,,False,,,,,,,,
__demo__.res_partner_44306820,Contact,True,True,False,base.main_company,Company,TRZ,,,Eisch Warmesberg 1Postfach 627,,9450,Altstätten,,Switzerland,www.trz.li/tech,,,,071 755 81 40,,,de_DE,,,False,,none,,,False,,,,,,,,
__demo__.res_partner_44306821,Contact,True,True,False,base.main_company,Company,keymedias communications,,,Bahnhofstrasse 1,,3600,Thun,,Switzerland,www.keymedias.com,,033 223 26 26,,,,,de_DE,,,False,,none,,,False,,,,,,,,
__demo__.res_partner_44306822,Contact,True,True,False,base.main_company,Company,ivu Umwelt GmbH,,,Emmy-Noether-Strasse 2,,79110,Freiburg,,Germany,www.ivu-umwelt.de,,+49 761 88 85 120,,,,,de_DE,,,False,,none,,,False,,,,,,,,
__demo__.res_partner_44306823,Contact,True,True,False,base.main_company,Company,juwi technologies GmbH,,,Energie-Allee 1,,55286,Wörrstadt,,Germany,www.juwi.de,,,,,,,de_DE,,,False,,none,,,False,,,,,,,,
__demo__.res_partner_44306824,Contact,True,True,False,base.main_company,Company,Walt + Galmarini AG,,,Englischviertelstrasse 24,,8032,Zürich,,Switzerland,,,044 251 78 51,,,,,de_DE,,,False,,none,,,False,,,,,,,,
__demo__.res_partner_44306825,Contact,True,True,False,base.main_company,Company,Büro n+1,,,Ensingerstrasse 8,,3006,Bern 16,,Switzerland,,,031 352 68 30,,,,,de_DE,,,False,,none,,,False,,,,,,,,
__demo__.res_partner_44306826,Contact,True,True,False,base.main_company,Company,Kanton Aargau,,,Entfelderstrasse 22,,5001,Aarau,,Switzerland,www.ag.ch/umwelt,,,,,,,de_DE,,,False,,none,,,False,,,,,,,,
__demo__.res_partner_44306827,Contact,True,True,False,base.main_company,Company,"Departement Bau, Verkehr und Umwelt des Kt. Aargau",,,Entfelderstrasse 22,,5001,Aarau,,Switzerland,,,062 835 32 00,,,,,de_DE,,,False,,none,,,False,,,,,,,,
__demo__.res_partner_44306828,Contact,True,True,False,base.main_company,Company,GROLIMUND + PARTNER AG,,,ENTFELDERSTRASSE 45,,5000,AARAU,,,WWW.GROLIMUND-PARTNER.CH,,062 836 30 3,,062 836 30 39,,,de_DE,,,False,,none,,,False,,,,,,,,
__demo__.res_partner_44306829,Contact,True,True,False,base.main_company,Company,Estia SA,,,EPFL Innovations Park - Bât. C,,1005,Lausanne,,Switzerland,www.estia.ch,,021 693 83 03,,021 693 86 29,,,de_DE,,13002mndll,False,,none,,,False,,,,,,,,
__demo__.res_partner_44306831,Contact,True,True,False,base.main_company,Company,Bundesamt für Statistik,,,Espace de l'Europe 10,,2010,Neuchâtel,,Switzerland,www.statistik.admin.ch,,031 322 91 11,,,,,de_DE,,,False,,none,,,False,,,,,,,,
__demo__.res_partner_44306832,Contact,True,True,False,base.main_company,Company,Capital FM AG,,,Espace Media Radio AGDammweg 9Postfach 7673,,3001,Bern,,Switzerland,,,031 327 11 11,,,,,de_DE,,,False,,none,,,False,,,,,,,,
__demo__.res_partner_44306834,Contact,True,True,False,base.main_company,Company,ETH Zürich,,,ETH Hönggerberg,,8093,Zürich,,Switzerland,,,044 633 24 89,,,,,de_DE,,,False,,none,,,False,,,,,,,,
__demo__.res_partner_44306835,Contact,True,True,False,base.main_company,Company,Verbund Renewable Power GmbH,,,Europaplatz 2,,1150,Wien,,Austria,www.verbund.at,,+43  50313 52452,,+ 43 50313 152452,,,de_DE,,,False,,none,,,False,,,,,,,,
__demo__.res_partner_44306836,Contact,True,True,False,base.main_company,Company,Titus Immobilien AG,,,Fabrikstrasse 2,,3012,Bern,,Switzerland,,,031 305 25 20,,,,,de_DE,,,False,,none,,,False,,,,,,,,
__demo__.res_partner_44306837,Contact,True,True,False,base.main_company,Company,BR-P Broder Partner AG,,,Sägli 9,,9042,Speicher,,Switzerland,,,071 244 56 20,,071 244 56 34,,,de_DE,,,False,,none,,,False,,,,,,,,
__demo__.res_partner_44306838,Contact,True,True,False,base.main_company,Company,Jagd&Natur,,,Feldstrasse 82,,8180,Bülach,,Switzerland,,,,,,,,de_DE,,,False,,none,,,False,,,,,,,,
__demo__.res_partner_44306839,Contact,True,True,False,base.main_company,Company,Schweizer Radio und Fernsehen SRF,,,Fernsehstrasse 1-4,,8052,Zürich,,Switzerland,,,044 305 66 11,,,,,de_DE,,,False,,none,,,False,,,,,,,,
__demo__.res_partner_44306841,Contact,True,True,False,base.main_company,Company,BHP Raumplan AG,,,Fliederweg 10Postfach 575,,3000,Bern 14,,Switzerland,www.raumplan.ch,,031 388 60 60,,,,,de_DE,,,False,,none,,,False,,,,,,,,
__demo__.res_partner_44306842,Contact,True,True,False,base.main_company,Company,KBP,,,Fliederweg 10,,3007,Bern,,Switzerland,,,031 390 20 20,,,,,de_DE,,,False,,none,,,False,,,,,,,,
__demo__.res_partner_44306843,Contact,True,True,False,base.main_company,Company,"Stadtverwaltung Wädenswil, Bauamt",,,Florhofstrasse 3Postfach 650,,8820,Wädenswil,,Switzerland,,,,,,,,de_DE,,,False,,none,,,False,,,,,,,,
__demo__.res_partner_44306844,Contact,True,True,False,base.main_company,Company,wdp europe GmbH,,,Flösserstrasse 60/3,,74321,Bietigheim-Bissingen,,Germany,www.wdp.de,,+49 7142 778 161,,+49 7142 778 199,,,de_DE,,,False,,none,,,False,,,,,,,,
__demo__.res_partner_44306845,Contact,True,True,False,base.main_company,Company,wpd europe GmbH,,,Flösserstrasse 60/3,,74321,Bietigheim-Bissingen,,Germany,www.wpd.de,,,,,,,de_DE,,,False,,none,,,False,,,,,,,,
__demo__.res_partner_44306846,Contact,True,True,False,base.main_company,Company,Institut für Schnee und Lawinenforschung SLF,,,Flüelastrasse 11,,7260,Davos Dorf,,Switzerland,,,081 417 03 66,,,,,de_DE,,,False,,none,,,False,,,,,,,,
__demo__.res_partner_44306847,Contact,True,True,False,base.main_company,Company,Eidg. Institut für Schnee- und Lawinenforschung,,,Flüelastrasse 11,,7260,Davos,,Switzerland,,,081 417 01 02,,,,,de_DE,,,False,,none,,,False,,,,,,,,
__demo__.res_partner_44306848,Contact,True,True,False,base.main_company,Company,STAC - BAZL,,,Flughafen Bern Belp,,3121,Belp,,Switzerland,,,,,,,,de_DE,,,False,,none,,,False,,,,,,,,
__demo__.res_partner_44306849,Contact,True,True,False,base.main_company,Company,Bundesamt für Zivilluftfahrt,,,Flughafen Bern-Belp,,3123,Belp,,Switzerland,,,,,,,,de_DE,,,False,,none,,,False,,,,,,,,
__demo__.res_partner_44306850,Contact,True,True,False,base.main_company,Company,Flugplatz Grenchen,,,Flughafenstrasse 117,,2540,Grenchen,,Switzerland,,,,,,,,de_DE,,,False,,none,,,False,,,,,,,,
__demo__.res_partner_44306851,Contact,True,True,False,base.main_company,Company,Alpar,,,Flugplatzstrasse 940a,,3123,Belp,,Switzerland,,,,,,,,de_DE,,,False,,none,,,False,,,,,,,,
__demo__.res_partner_44306852,Contact,True,True,False,base.main_company,Company,Suva,,,Fluhmattstrasse 1Postfach 4358,,6002,Luzern,,Switzerland,,,,,,,,de_DE,,,False,,none,,,False,,,,,,,,
__demo__.res_partner_44306853,Contact,True,True,False,base.main_company,Company,Basler & Hofmann Ingenieure und Planer AG,,,Forchstrasse 395Postfach,,8032,Zürich,,Switzerland,www.bhz.ch,,044 387 11 22,,044 387 11 00,,,de_DE,,,False,,none,,,False,,,,,,,,
__demo__.res_partner_44306854,Contact,True,True,False,base.main_company,Company,Buchhofer AG,,,Förrlibruckstrasse 66,,8005,Zürich,,Switzerland,,,044 279 11 79,,,,,de_DE,,,False,,none,,,False,,,,,,,,
__demo__.res_partner_44306855,Contact,True,True,False,base.main_company,Company,Fraunhofer-Institut Holzkirchen,,,Fraunhoferstrasse 10Postfach 1152,,83601,Holzkirchen,,Germany,,,++49 (0)80 24 6 43 26,,,,,de_DE,,,False,,none,,,False,,,,,,,,
__demo__.res_partner_44306856,Contact,True,True,False,base.main_company,Company,Rolf Etter-Dux Feinmechanik,,,Freiburgstrasse 398,,3018,Bern,,Switzerland,,,031 992 10 03,,,,,de_DE,,,False,,none,,,False,,,,,,,,
__demo__.res_partner_44306857,Contact,True,True,False,base.main_company,Company,Restaurant Muesmatt,,,Freiestrasse 65,,3012,Bern,,Switzerland,,,031 508 22 02,,,,,de_DE,,,False,,none,,,False,,,,,,,,
__demo__.res_partner_44306858,Contact,True,True,False,base.main_company,Company,Structural Design Software in Europe AB,,,Fridhemsvägen 22,,21774,Malmö,,Sweden,www.strusoft.com,,,,,,,en_US,,13002mndll,False,,none,,,False,,,,,,,,
__demo__.res_partner_44306859,Contact,True,True,False,base.main_company,Company,Werkbetriebe Wettswil,,,Friedgrabenstrasse 9,,8907,Wettswil,,Switzerland,,,044 701 19 29,,,,,de_DE,,,False,,none,,,False,,,,,,,,
__demo__.res_partner_44306860,Contact,True,True,False,base.main_company,Company,"Universität Luzern, Rechtsfakultät",,,Frohburgstrasse 3Postfach 4466,,6002,Luzern,,Switzerland,www.unilu.ch/ifubli,,,,,,,de_DE,,,False,,none,,,False,,,,,,,,
__demo__.res_partner_44306861,Contact,True,True,False,base.main_company,Company,St. Galler Tagblatt,,,Fürstenlandstrasse 122Postfach,,9001,St. Gallen,,Switzerland,,,071 272 77 11,,,,,de_DE,,,False,,none,,,False,,,,,,,,
__demo__.res_partner_44306863,Contact,True,True,False,base.main_company,Company,Oberforstamt des Kt. Appenzell-I.,,,Gaiserstrasse 8,,9050,Appenzell,,Switzerland,,,,,,,,de_DE,,,False,,none,,,False,,,,,,,,
__demo__.res_partner_44306864,Contact,True,True,False,base.main_company,Company,Inteca GmbH,,,Gantrischweg 1,,3114,Wichtrach,,Switzerland,,,031 781 18 42,,,,,de_DE,,,False,,none,,,False,,,,,,,,
__demo__.res_partner_44306865,Contact,True,True,False,base.main_company,Company,Solargenossenschaft Liechtenstein,,,Gapont 4,,9495,Triesen,,Liechtenstein,,,,,,,,en_US,,,False,,none,,,False,,,,,,,,
__demo__.res_partner_44306866,Contact,True,True,False,base.main_company,Company,Ueli Steck GmbH,,,Gassenweg 23,,3852,Ringgenberg,,Switzerland,www.uelisteck.ch,,,,,,,de_DE,,,False,,none,,,False,,,,,,,,
__demo__.res_partner_44306867,Contact,True,True,False,base.main_company,Company,"Flotron AG, Meiringen",,,Gemeindemattenstrasse 4,,3860,Meiringen,,Switzerland,,,,,,,,de_DE,,,False,,none,,,False,,,,,,,,
__demo__.res_partner_44306868,Contact,True,True,False,base.main_company,Company,EGON AG,,,General Wille-Str. 59,,8706,Feldmeilen,,Switzerland,,,058 680 20 05,,,,,de_DE,,,False,,none,,,False,,,,,,,,
__demo__.res_partner_44306869,Contact,True,True,False,base.main_company,Company,TNC Consulting AG,,,General Wille-Strasse 59,,8706,Feldmeilen,,Switzerland,,,044 991 55 77,,,,,de_DE,,,False,,none,,,False,,,,,,,,
__demo__.res_partner_44306870,Contact,True,True,False,base.main_company,Company,BLS,,,Genfergasse 11,,3001,Bern,,Switzerland,,,,,,,,de_DE,,,False,,none,,,False,,,,,,,,
__demo__.res_partner_44306871,Contact,True,True,False,base.main_company,Company,Ecospeed SA,,,Drahtzugstrasse 18,,8008,Zürich,,Switzerland,www.ecospeed.ch,,,,,,,de_DE,,,False,,none,,,False,,,,,,,,
__demo__.res_partner_44306872,Contact,True,True,False,base.main_company,Company,ming-gmbh,,,Gesellschaftsstrasse 39,,3012,Bern,,Switzerland,,,031 305 20 50,,,,,de_DE,,,False,,none,,,False,,,,,,,,
__demo__.res_partner_44306873,Contact,True,True,False,base.main_company,Company,IBA AG,,,Gewerbestrasse 16,,3065,Bolligen-Station,,Switzerland,,,031 839 62 62,,,,,de_DE,,,False,,none,,,False,,,,,,,,
__demo__.res_partner_44306874,Contact,True,True,False,base.main_company,Company,Löwen-Garage AG,,,Gewerbestrasse 17,,3302,Moosseedorf,,Switzerland,www.loewen-garage.ch,,031 850 28 28,,031 850 28 01,,,de_DE,,Lieferant METEOTEST-Autos,False,,none,,,False,,,,,,,,
__demo__.res_partner_44306875,Contact,True,True,False,base.main_company,Company,NTS Elektroanlagen AG,,,Gewerbezentrum Walke,,9100,Herisau,,Switzerland,,,,,,,,de_DE,,,False,,none,,,False,,,,,,,,
__demo__.res_partner_44306876,Contact,True,True,False,base.main_company,Company,ICEC,,,Gewerbezone 3d,,6315,Morgarten,,Switzerland,,,041 754 40 90,,,,,de_DE,,,False,,none,,,False,,,,,,,,
__demo__.res_partner_44306877,Contact,True,True,False,base.main_company,Company,Gemeinde Rümlang,,,Glattalstrasse 201,,8153,Rümlang,,Switzerland,,,,,044 817 19 29,,,de_DE,,,False,,none,,,False,,,,,,,,
__demo__.res_partner_44306878,Contact,True,True,False,base.main_company,Company,Aurax Energia,,,Glennerstrasse 22,,7130,Ilanz,,Switzerland,,,,,,,,de_DE,,,False,,none,,,False,,,,,,,,
__demo__.res_partner_44306879,Contact,True,True,False,base.main_company,Company,Korporation Uri,,,Gotthardstr. 3,,6460,Altdorf,,Switzerland,,,041 874 70 90,,041 875 26 10,,,de_DE,,,False,,none,,,False,,,,,,,,
__demo__.res_partner_44306880,Contact,True,True,False,base.main_company,Company,Andermatt-Sedrun Sport AG,,,Gotthardstrasse 110,,6490,Andermatt,,Switzerland,www.skiarena.ch,,+41 41 887 14 45,,,,,de_DE,,,False,,none,,,False,,,,,,,,
__demo__.res_partner_44306881,Contact,True,True,False,base.main_company,Company,Energie Service Biel/Bienne,,,Gottstattstrasse 4Postfach 4263,,2500,Biel,,Switzerland,www.esb.ch,,032 326 17 11,,,,,de_DE,,,False,,none,,,False,,,,,,,,
__demo__.res_partner_44306882,Contact,True,True,False,base.main_company,Company,LAROS Technologies Pty Ltd,,,GPO Box 2887,,ACT 2601,Canberra,,Australia,,,,,,,,en_US,,,False,,none,,,False,,,,,,,,
__demo__.res_partner_44306883,Contact,True,True,False,base.main_company,Company,Ecowatt,,,Grabenstrasse 16,,8010,Graz,,Austria,,,,,,,,de_DE,,,False,,none,,,False,,,,,,,,
__demo__.res_partner_44306884,Contact,True,True,False,base.main_company,Company,StuderusTelecom AG,,,Grabenstrasse 8,,8606,Nänikon,,Switzerland,,,044 905 50 00,,,,,de_DE,,,False,,none,,,False,,,,,,,,
__demo__.res_partner_44306885,Contact,True,True,False,base.main_company,Company,Meliorations- und Vermessungsamt des Kt. Graubünden,,,Grabenstrasse 8,,7001,Chur,,Switzerland,,,,,,,,de_DE,,,False,,none,,,False,,,,,,,,
__demo__.res_partner_44306886,Contact,True,True,False,base.main_company,Company,Balewa AG,,,Grammetstrasse 14,,4410,Liestal,,Switzerland,www.balewa.ch,,,,,,,de_DE,,Projektleiter ara_bern_geruch_14,False,,none,,,False,,,,,,,,
__demo__.res_partner_44306887,Contact,True,True,False,base.main_company,Company,Dr. Eicher+Pauli AG,,,Gräubernstrasse 14,,4410,Liestal,,Switzerland,www.eicher-pauli.ch,,061 927 42 74,,,,,de_DE,,,False,,none,,,False,,,,,,,,
__demo__.res_partner_44306888,Contact,True,True,False,base.main_company,Company,Amt für Umwelt des Kt. Solothurn,,,"Greibenhof, Werkhofstrasse 5",,4509,Solothurn,,Switzerland,,,032 627 24 47,,032 627 76 93,,,de_DE,,,False,,none,,,False,,,,,,,,
__demo__.res_partner_44306889,Contact,True,True,False,base.main_company,Company,Ocean Race Charter Regatta-Charter und Segeltörns,,,Grenzstrasse 20,,3250,Lyss,,Switzerland,,,032 341 79 41,,,,,de_DE,,,False,,none,,,False,,,,,,,,
__demo__.res_partner_44306890,Contact,True,True,False,base.main_company,Company,Aktiv Trading,,,Grenzstrasse 20a,,3250,Lyss,,Switzerland,www.aktiv-trading.ch,,032  386 77 70,,032 386 77 74,,,de_DE,,,False,,none,,,False,,,,,,,,
__demo__.res_partner_44306891,Contact,True,True,False,base.main_company,Company,"Ingenieurbüro Hauri, Energietechnik",,,Grosssteinstrasse 36,,6438,Ibach SZ,,Switzerland,,,,,,,,de_DE,,,False,,none,,,False,,,,,,,,
__demo__.res_partner_44306892,Contact,True,True,False,base.main_company,Company,Bayer (Schweiz) AG,,,Grubenstrasse 6Postfach,,8045,Zürich,,Switzerland,www.bayer.ch,,,,044 462 07 54,,,de_DE,,,False,,none,,,False,,,,,,,,
__demo__.res_partner_44306893,Contact,True,True,False,base.main_company,Company,Telebärn,,,Grünaustrasse 3,,3084,Wabern,,Switzerland,,,031 960 83 33,,,,,de_DE,,,False,,none,,,False,,,,,,,,
__demo__.res_partner_44306894,Contact,True,True,False,base.main_company,Company,Gemeinde Grindelwald,,,Grundstrasse 67,,3818,Grindelwald,,Switzerland,,,033 854 14 14,,,,,de_DE,,,False,,none,,,False,,,,,,,,
__demo__.res_partner_44306895,Contact,True,True,False,base.main_company,Company,IBN-Verlag GmbH & Co. KG,,,Grünewaldstrasse 15,,72336,Balingen,,Germany,,,+49 (07732) 960 61,,,,,de_DE,,,False,,none,,,False,,,,,,,,
__demo__.res_partner_44306896,Contact,True,True,False,base.main_company,Company,F. Preisig AG,,,Grünhaldenstrasse 6,,8050,Zürich,,Switzerland,,,,,,,,de_DE,,,False,,none,,,False,,,,,,,,
__demo__.res_partner_44306897,Contact,True,True,False,base.main_company,Company,Bundesamt für Strassen,,,Grüzefeldstrasse 41,,8404,Winterthur,,Switzerland,www.astra.admin.ch,,052 234 47 56,,052 234 47 90,,,de_DE,,,False,,none,,,False,,,,,,,,
__demo__.res_partner_44306898,Contact,True,True,False,base.main_company,Company,Siemens Schweiz AG,,,Gubelstrasse 22,,6300,Zug,,Switzerland,,,,,,,,de_DE,,13002mndll,False,,none,,,False,,,,,,,,